{
  "validation_type": "clinvar_temporal_holdout",
  "cutoff_date": "2024-01-01",
  "n_variants": 2373022,
  "n_pathogenic": 159009,
  "n_benign": 2214013,
  "auroc": 0.8153431807679836,
  "auprc": 0.23144866478011383,
  "brier": 0.24298132394594146,
  "ece": 0.30450111453571227,
  "model_val_auroc": 0.9847,
  "threshold_metrics": [
    {
      "threshold": 0.3,
      "sensitivity": 0.8838493418611525,
      "specificity": 0.5560915857314298,
      "ppv": 0.12510693375848683,
      "npv": 0.9852208155318674,
      "f1": 0.21918825173429157,
      "tp": 140540,
      "tn": 1231194,
      "fp": 982819,
      "fn": 18469
    },
    {
      "threshold": 0.5,
      "sensitivity": 0.8136835021916998,
      "specificity": 0.6466267361573758,
      "ppv": 0.14190529045051528,
      "npv": 0.9797257994095531,
      "f1": 0.24166460427824968,
      "tp": 129383,
      "tn": 1431640,
      "fp": 782373,
      "fn": 29626
    },
    {
      "threshold": 0.7,
      "sensitivity": 0.7131734681684685,
      "specificity": 0.7521166316548277,
      "ppv": 0.1712442126308859,
      "npv": 0.9733411892887789,
      "f1": 0.2761745534425926,
      "tp": 113401,
      "tn": 1665196,
      "fp": 548817,
      "fn": 45608
    },
    {
      "threshold": 0.9,
      "sensitivity": 0.5219327207893892,
      "specificity": 0.8745368703797132,
      "ppv": 0.23004193819313742,
      "npv": 0.9622229411510381,
      "f1": 0.31933633204945183,
      "tp": 82992,
      "tn": 1936236,
      "fp": 277777,
      "fn": 76017
    }
  ]
}